method,elapsed_time,best_score,test_score,best_params,auc_score,tunability,r2_score
Unoptimized,0.018002986907958984,,,"['model__C': 1.0, 'model__l1_ratio':0.5]",0.7161616161616162,0.1218954091176313,-0.27272727272727315
RandomSearchCV,34.82763600349426,0.8438165135419657,0.8262626262626263,"{'n_estimators': 300, 'min_samples_split': 2, 'min_samples_leaf': 4, 'max_depth': 5, 'bootstrap': True}",0.7424242424242424,0.0956327828550051,0.010101010101009833
