method,elapsed_time,best_score,test_score,best_params,auc_score,tunability,r2_score
Unoptimized,0.278564453125,,,"['model__C': 1.0, 'model__l1_ratio':0.5]",0.9068665797479357,0.07975564591643325,0.6308706359553816
RandomSearchCV,116.42026948928833,0.9874609775726914,0.9849220145830315,"{'n_estimators': 100, 'min_samples_split': 10, 'min_samples_leaf': 1, 'max_depth': None, 'bootstrap': False}",0.9543459365493264,0.032276289115042545,0.8310010140518614
